place,pop2023,growthRate,area,country,cca3,cca2,ccn3,region,subregion,landAreaKm,density,densityMi,Rank,totAll,tot2020,tot2019,tot2018,tot2017,tot2016,tot2015,tot2014,tot2013,tot2012,tot2011,rank
484,128455567,0.00746,1964375,Mexico,MEX,MX,484,North America,"Central America, Latin America",1943950,66.0797,171.1463,10,1480901,100325,156052,161858,170581,174534,158619,134052,135028,146406,143446,1
156,1425671352,-0.00015,9706961,China,CHN,CN,156,Asia,Eastern Asia,9424702.9,151.2696,391.7884,2,713527,41483,62248,65214,71565,81772,74558,76089,71798,81784,87016,2
356,1428627663,0.00808,3287590,India,IND,IN,356,Asia,"Southern Asia, South Central Asia",2973190,480.5033,1244.5036,1,631689,46363,54495,59821,60394,64687,64116,77908,68458,66434,69013,3
608,117337368,0.01539,342353,Philippines,PHL,PH,608,Asia,South-Eastern Asia,298170,393.5251,1019.2299,13,496361,25491,45920,47258,49147,53287,56478,49996,54446,57327,57011,4
214,11332972,0.00928,48671,Dominican Republic,DOM,DO,214,North America,Caribbean,48310,234.5885,607.5843,84,481183,30005,49911,57413,58520,61161,50610,44577,41311,41566,46109,5
192,11194449,-0.00158,109884,Cuba,CUB,CU,192,North America,Caribbean,103800,107.8463,279.322,85,468604,16367,41641,76486,65028,66516,54396,46679,32219,32820,36452,6
704,98858950,0.00685,331212,Vietnam,VNM,VN,704,Asia,South-Eastern Asia,313429,315.411,816.9145,16,333900,29995,39712,33834,38231,41451,30832,30283,27101,28304,34157,7
222,6364943,0.00451,21041,El Salvador,SLV,SV,222,North America,"Central America, Latin America",20720,307.1884,795.6179,112,214390,17907,27656,28326,25109,23449,19487,19273,18260,16256,18667,8
410,51784059,-0.00061,100210,South Korea,KOR,KR,410,Asia,Eastern Asia,97600,530.5744,1374.1876,29,197791,16244,18479,17676,19194,21801,17138,20423,23166,20846,22824,9
388,2825544,-0.00065,10991,Jamaica,JAM,JM,388,North America,Caribbean,10830,260.8997,675.7303,139,196552,12826,21689,20347,21905,23350,17642,19026,19400,20705,19662,10
332,11724763,0.01206,27750,Haiti,HTI,HT,332,North America,Caribbean,27560,425.4268,1101.8554,81,190880,9338,17253,21360,21824,23584,16967,15274,20351,22818,22111,11
170,52085168,0.00407,1141748,Colombia,COL,CO,170,South America,"South America, Latin America",1109500,46.9447,121.5868,28,186129,11989,19841,17545,17956,18610,17316,18175,21131,20931,22635,12
586,240485658,0.01976,881912,Pakistan,PAK,PK,586,Asia,"Southern Asia, South Central Asia",770880,311.9625,807.9829,5,157124,10474,13921,15802,17408,19313,18057,18612,13251,14740,15546,13
368,45504560,0.02266,438317,Iraq,IRQ,IQ,368,Asia,"Western Asia, The Middle East",434128,104.8183,271.4794,35,147552,2266,6514,14351,14203,18904,21107,19153,9552,20369,21133,14
50,172954319,0.01033,147570,Bangladesh,BGD,BD,50,Asia,"Southern Asia, South Central Asia",130170,1328.6803,3441.2821,8,145307,9272,15176,15717,14693,18723,13570,14645,12099,14705,16707,15
76,216422446,0.00515,8515767,Brazil,BRA,BR,76,South America,"South America, Latin America",8358140,25.8936,67.0645,7,136856,16746,19825,15394,14989,13812,11424,10429,11033,11441,11763,16
566,223804632,0.02408,923768,Nigeria,NGA,NG,566,Africa,"Western Africa, Sub-Saharan Africa",910770,245.7312,636.4439,6,133766,12398,15888,13952,13539,14380,11542,12828,13840,13575,11824,17
231,126527060,0.02551,1104300,Ethiopia,ETH,ET,231,Africa,"Eastern Africa, Sub-Saharan Africa",1128571.3,112.1126,290.3716,11,120740,6280,9060,12403,14637,13232,11394,12300,13097,14544,13793,18
124,38781291,0.0085,9984670,Canada,CAN,CA,124,North America,Northern America,8965590,4.3256,11.2032,38,118261,9526,11388,9898,11484,12793,12673,11586,13181,12932,12800,19
364,89172767,0.00703,1648195,Iran,IRN,IR,364,Asia,"Southern Asia, The Middle East",1622500,54.9601,142.3467,17,117980,8805,6640,10116,13791,13298,13114,11615,12863,12916,14822,20
320,18092026,0.01391,108889,Guatemala,GTM,GT,320,North America,"Central America, Latin America",107160,168.8319,437.2746,70,116774,7815,13453,15638,13198,13002,11773,10238,10224,10341,11092,21
826,67736802,0.00338,242900,United Kingdom,GBR,GB,826,Europe,Northern Europe,241930,279.9851,725.1615,21,115908,9655,11337,9908,10948,12673,12592,12225,12984,12014,11572,22
524,30896590,0.01143,147181,Nepal,NPL,NP,524,Asia,"Southern Asia, South Central Asia",143350,215.5325,558.2293,49,114269,7847,10201,11953,11610,12851,12926,12357,13046,11312,10166,23
862,28838499,0.01897,916445,Venezuela,VEN,VE,862,South America,"South America, Latin America",882050,32.6949,84.6797,52,107912,12136,15720,11762,11809,10772,9144,8427,9572,9387,9183,24
604,34352719,0.0089,1285216,Peru,PER,PE,604,South America,"South America, Latin America",1280000,26.8381,69.5106,45,106599,5626,10049,9878,10115,10940,10148,10606,12564,12609,14064,25
218,18190484,0.01053,276841,Ecuador,ECU,EC,218,South America,"South America, Latin America",248360,73.2424,189.6978,68,102246,6157,11083,11472,10594,10757,10187,10960,10591,9342,11103,26
340,10593798,0.01543,112492,Honduras,HND,HN,340,North America,"Central America, Latin America",111890,94.6805,245.2224,88,102006,8277,15901,13794,11387,13302,9274,8156,8898,6884,6133,27
818,112716598,0.01556,1002450,Egypt,EGY,EG,818,Africa,"Northern Africa, The Middle East",995450,113.2318,293.2704,14,97970,6164,9479,9826,9834,12045,12085,11477,10294,8988,7778,28
804,36744634,-0.07448,603500,Ukraine,UKR,UA,804,Europe,Eastern Europe,579400,63.4184,164.2537,41,93950,9886,11762,11879,10135,10422,7987,7752,8193,7642,8292,29
4,42239854,0.02702,652230,Afghanistan,AFG,AF,4,Asia,"South Central Asia, Southern Asia",652230,64.7622,167.7341,36,90845,11407,10136,12935,19538,12513,8328,10527,2196,1617,1648,30
643,144444359,-0.00186,17098242,Russia,RUS,RU,643,Europe,Eastern Europe,16376870,8.82,22.8439,9,90169,7967,9822,8621,8918,9297,8799,9079,9753,9969,7944,31
288,34121985,0.0193,238533,Ghana,GHA,GH,288,Africa,"Western Africa, Sub-Saharan Africa",227533,149.965,388.4093,47,79907,4627,8526,8394,8455,6949,6186,7115,10265,10592,8798,32
764,71801279,0.00145,513120,Thailand,THA,TH,764,Asia,South-Eastern Asia,510890,140.5416,364.0026,20,69337,4177,5551,5556,6311,7039,7502,6197,7583,9459,9962,33
404,55100586,0.01986,580367,Kenya,KEN,KE,404,Africa,"Eastern Africa, Sub-Saharan Africa",569140,96.8138,250.7477,26,63913,4026,7052,7190,6957,6274,5602,5884,6123,7043,7762,34
180,102262808,0.03285,2344858,DR Congo,COD,CD,180,Africa,"Middle Africa, Sub-Saharan Africa",2267050,45.1083,116.8305,15,60601,7522,8999,9941,8709,6791,5345,4347,2792,3731,2424,35
64,787424,0.00635,38394,Bhutan,BTN,BT,64,Asia,"Southern Asia, South Central Asia",38140,20.6456,53.4722,165,54951,1091,1441,2350,2940,4217,6325,7298,8954,10198,10137,36
328,813834,0.00632,214969,Guyana,GUY,GY,328,South America,"South America, Latin America",196850,4.1343,10.7078,164,54805,3027,5385,5165,5468,5771,5543,6267,5897,5683,6599,37
616,41026067,0.02933,312679,Poland,POL,PL,616,Europe,Eastern Europe,306130,134.0152,347.0993,37,53403,3341,4700,4357,4845,5603,5275,5689,6430,6300,6863,38
706,18143378,0.03102,637657,Somalia,SOM,SO,706,Africa,"Eastern Africa, Sub-Saharan Africa",627340,28.9211,74.9057,69,53100,2024,3752,7557,7404,6958,6796,5190,3764,5204,4451,39
276,83294633,-9E-04,357114,Germany,DEU,DE,276,Europe,Western Europe,349390,238.4002,617.4564,19,52161,3913,4848,4443,4662,5306,5436,5584,6032,5812,6125,40
158,23923276,0.00125,36193,Taiwan,TWN,TW,158,Asia,Eastern Asia,36197,660.9188,1711.7796,57,52072,4759,5801,5079,4858,5120,4888,4697,5385,5331,6154,41
392,123294513,-0.0053,377930,Japan,JPN,JP,392,Asia,Eastern Asia,364500,338.2566,876.0845,12,51654,3905,4503,4317,4635,5207,5395,5545,5925,6061,6161,42
760,23227014,0.0498,185180,Syria,SYR,SY,760,Asia,"Western Asia, The Middle East",183630,126.4881,327.6042,60,51051,3176,5967,14686,5877,4800,3840,3540,3366,3014,2785,43
887,34449825,0.02235,527968,Yemen,YEM,YE,887,Asia,"Western Asia, The Middle East",527970,65.2496,168.9964,44,46778,5908,3717,1885,6029,13040,3194,3492,3532,2620,3361,44
400,11337052,0.00454,89342,Jordan,JOR,JO,400,Asia,"Western Asia, The Middle East",88794,127.6781,330.6864,83,45930,3063,4998,5322,5264,5269,4664,5187,4188,4099,3876,45
792,85816199,0.00557,783562,Turkey,TUR,TR,792,Asia,"Western Asia, The Middle East",783562,109.5206,283.6584,18,45714,4359,5713,5585,4844,4469,4201,3834,4144,4162,4403,46
8,2832439,-0.00348,28748,Albania,ALB,AL,8,Europe,Southern Europe,27400,103.3737,267.7378,138,44061,3508,5366,5049,5722,5773,4653,3828,3186,3364,3612,47
250,64756584,0.00201,551695,France,FRA,FR,250,Europe,Western Europe,547557,118.2646,306.3052,23,43974,4053,4787,4276,4782,5159,4693,4284,4425,3862,3653,48
120,28647293,0.02625,475442,Cameroon,CMR,CM,120,Africa,"Middle Africa, Sub-Saharan Africa",472710,60.6023,156.9598,53,41808,2842,4369,4236,4668,4899,4374,3943,3908,3815,4754,49
860,35163944,0.01549,447400,Uzbekistan,UZB,UZ,860,Asia,"Central Asia, South Central Asia",440650,79.8002,206.6824,43,40298,1347,2550,4612,4095,4359,3977,5194,4382,4726,5056,50
376,9174520,0.01507,20770,Israel,ISR,IL,376,Asia,"Western Asia, The Middle East",21640,423.9612,1098.0595,98,39386,3687,4304,3706,3802,4142,3965,3805,3996,4153,3826,51
32,45773884,0.00579,2780400,Argentina,ARG,AR,32,South America,"South America, Latin America",2736690,16.726,43.3203,33,38356,2970,3925,3080,3482,4091,3730,3874,4372,4359,4473,52
504,37840044,0.0102,446550,Morocco,MAR,MA,504,Africa,Northern Africa,446300,84.7861,219.596,39,37185,2866,3721,3077,4229,4586,3710,3605,3336,3656,4399,53
780,1534937,0.00254,5130,Trinidad and Tobago,TTO,TT,780,North America,Caribbean,5130,299.208,774.9487,153,36356,1718,3150,2758,3100,3469,3212,3988,4724,5214,5023,54
430,5418377,0.02182,111369,Liberia,LBR,LR,430,Africa,"Western Africa, Sub-Saharan Africa",96320,56.2539,145.6976,120,35307,1674,3495,3101,4155,3619,3795,3874,3334,4109,4151,55
380,58870762,-0.00282,301336,Italy,ITA,IT,380,Europe,Southern Europe,295717,199.078,515.6121,25,32986,3184,3822,3329,3655,4078,3544,3298,2960,2673,2443,56
558,7046310,0.01409,130373,Nicaragua,NIC,NI,558,North America,"Central America, Latin America",120340,58.5533,151.6532,106,31712,2570,3818,3061,3072,3486,3324,2886,3048,3046,3401,57
642,19892812,0.01188,238391,Romania,ROU,RO,642,Europe,Eastern Europe,230080,86.4604,223.9325,64,31590,1994,2616,2448,2953,3554,3376,3246,3773,3748,3882,58
51,2777970,-9E-04,29743,Armenia,ARM,AM,51,Asia,Western Asia,28470,97.5753,252.7201,140,29704,2145,3101,3217,3437,3543,2962,2913,2722,2681,2983,59
710,60414495,0.00869,1221037,South Africa,ZAF,ZA,710,Africa,"Southern Africa, Sub-Saharan Africa",1213090,49.8022,128.9876,24,28494,2733,3174,3010,2912,3023,2907,2676,2629,2781,2649,60
729,48109006,0.02634,1886068,Sudan,SDN,SD,729,Africa,Northern Africa,1868000,25.7543,66.7036,31,28214,1867,2949,3658,3515,3159,3580,2442,1945,2471,2628,61
422,5353930,-0.02474,10452,Lebanon,LBN,LB,422,Asia,"Western Asia, The Middle East",10230,523.3558,1355.4916,122,28110,2120,2605,2581,2818,2971,2813,3245,2783,2879,3295,62
36,26439111,0.01,7692024,Australia,AUS,AU,36,Oceania,Australia and New Zealand,7692020,3.4372,8.9024,55,27925,2523,3205,2693,2906,3239,3034,2809,2759,2414,2343,63
724,47519628,-0.00082,505992,Spain,ESP,ES,724,Europe,Southern Europe,499556.6,95.1236,246.3702,32,27583,2620,3115,2841,3045,3519,3303,2928,2480,1842,1890,64
458,34308525,0.01091,330803,Malaysia,MYS,MY,458,Asia,South-Eastern Asia,328550,104.4241,270.4583,46,27469,1898,2303,3051,4109,3382,2749,2622,2477,2605,2273,65
116,16944826,0.01056,181035,Cambodia,KHM,KH,116,Asia,South-Eastern Asia,176520,95.9938,248.6239,73,27003,1593,2748,3187,4056,3173,1868,2536,2624,2473,2745,66
100,6687717,-0.0139,110879,Bulgaria,BGR,BG,100,Europe,Eastern Europe,108560,61.6039,159.554,110,23143,1118,1759,1798,2184,2670,2688,2981,2844,2440,2661,67
498,3435931,0.04978,33846,Moldova,MDA,MD,498,Europe,Eastern Europe,32884.6,104.4845,270.6149,134,22518,1367,1935,2206,2480,2929,2496,2341,2485,2021,2258,68
232,3748901,0.01761,117600,Eritrea,ERI,ER,232,Africa,"Eastern Africa, Sub-Saharan Africa",121040.8,30.9722,80.218,131,22515,1881,2385,2428,2449,2267,2220,2002,2138,2643,2102,69
344,7491609,0.00037,1104,Hong Kong,HKG,HK,344,Asia,Eastern Asia,1050,7134.8657,18479.3022,104,21803,1783,2021,2075,2415,2510,2085,2278,2226,2104,2306,70
360,277534122,0.00738,1904569,Indonesia,IDN,ID,360,Asia,South-Eastern Asia,1877519,147.8196,382.8528,4,21539,1428,1899,1756,1914,2129,2084,2139,2731,2603,2856,71
188,5212173,0.00605,51100,Costa Rica,CRI,CR,188,North America,"Central America, Latin America",51060,102.0794,264.3856,124,20849,1658,2348,2171,2184,2224,2029,1966,2114,2020,2135,72
112,9498238,-0.00385,207600,Belarus,BLR,BY,112,Europe,Eastern Europe,202980,46.794,121.1964,97,19585,1723,2263,1951,1919,2127,1994,2015,1970,1659,1964,73
682,36947025,0.01478,2149690,Saudi Arabia,SAU,SA,682,Asia,"Western Asia, The Middle East",2149690,17.1871,44.5147,40,18362,1854,2514,2100,2135,2117,1744,1696,1463,1343,1396,74
12,45606480,0.01566,2381741,Algeria,DZA,DZ,12,Africa,Northern Africa,2381741,19.1484,49.5943,34,17740,1581,2299,2123,2139,2180,1775,1669,1241,1369,1364,75
144,21893579,0.00281,65610,Sri Lanka,LKA,LK,144,Asia,"Southern Asia, South Central Asia",61860,353.9214,916.6565,61,17710,1463,1689,1594,1627,1913,1763,1767,1847,1994,2053,76
800,48582334,0.02821,241550,Uganda,UGA,UG,800,Africa,"Eastern Africa, Sub-Saharan Africa",200520,242.2817,627.5097,30,17323,1802,2560,2412,1898,1649,1664,1409,1350,1340,1239,77
68,12388571,0.01345,1098581,Bolivia,BOL,BO,68,South America,"South America, Latin America",1083300,11.436,29.6191,80,16666,976,1525,1523,1510,1595,1626,1719,2071,1948,2173,78
152,19629590,0.00132,756102,Chile,CHL,CL,152,South America,"South America, Latin America",743532,26.4005,68.3772,65,16563,1520,1762,1519,1625,1698,1596,1581,1736,1673,1853,79
834,67438106,0.02963,945087,Tanzania,TZA,TZ,834,Africa,"Eastern Africa, Sub-Saharan Africa",885800,76.1324,197.183,22,16196,2312,3142,3186,1415,788,799,774,837,1516,1427,80
694,8791092,0.02154,71740,Sierra Leone,SLE,SL,694,Africa,"Western Africa, Sub-Saharan Africa",72180,121.794,315.4465,102,15939,713,1443,1527,2058,1535,1599,1740,1651,1688,1985,81
372,5056935,0.00673,70273,Ireland,IRL,IE,372,Europe,Northern Europe,68890,73.4059,190.1214,125,15594,1466,1760,1401,1485,1759,1607,1605,1626,1514,1371,82
768,9053799,0.02318,56785,Togo,TGO,TG,768,Africa,"Western Africa, Sub-Saharan Africa",54390,166.4607,431.1333,99,15544,1276,1546,1534,1572,1938,1547,1612,1257,1756,1506,83
384,28873034,0.0253,322463,Ivory Coast,CIV,CI,384,Africa,"Western Africa, Sub-Saharan Africa",318000,90.7957,235.1609,51,14962,1049,1589,1375,1810,1617,1497,1477,1486,1760,1302,84
268,3728282,-0.0043,69700,Georgia,GEO,GE,268,Asia,Western Asia,69490,53.6521,138.9588,132,14626,1179,1691,1643,1629,1635,1410,1240,1368,1341,1490,85
324,14190612,0.0239,245857,Guinea,GIN,GN,324,Africa,"Western Africa, Sub-Saharan Africa",245720,57.7511,149.5755,75,14061,858,1579,1282,1348,1501,1389,1375,1518,1656,1555,86
686,17763163,0.0258,196722,Senegal,SEN,SN,686,Africa,"Western Africa, Sub-Saharan Africa",192530,92.2618,238.958,71,13983,999,1665,1420,1470,1533,1244,1273,1340,1615,1424,87
398,19606633,0.01076,2724900,Kazakhstan,KAZ,KZ,398,Asia,Central Asia,2699700,7.2625,18.8099,66,13005,1307,1533,1378,1377,1310,1201,1221,1241,1202,1235,88
300,10341277,-0.00421,131990,Greece,GRC,GR,300,Europe,Southern Europe,128900,80.2271,207.7883,91,12084,945,1350,1214,1314,1451,1211,1235,1361,1054,949,89
784,9516871,0.00802,83600,United Arab Emirates,ARE,AE,784,Asia,"Western Asia, The Middle East",71020,134.0027,347.067,96,11603,1251,1586,1379,1314,1370,1193,1039,910,854,707,90
528,17618299,0.00309,41850,Netherlands,NLD,NL,528,Europe,Western Europe,33670,523.264,1355.2538,72,11431,962,1274,998,1056,1319,1309,1195,1142,1091,1085,91
858,3423108,9E-05,181034,Uruguay,URY,UY,858,South America,"South America, Latin America",175020,19.5584,50.6562,135,11226,699,1109,960,1001,972,1078,1128,1352,1374,1553,92
270,2773168,0.02483,10689,Gambia,GMB,GM,270,Africa,"Western Africa, Sub-Saharan Africa",10120,274.0285,709.7337,141,10848,664,1378,1023,1134,1247,1142,1111,1018,1159,972,93
688,7149077,-0.01001,88361,Serbia,SRB,RS,688,Europe,Southern Europe,87460,81.7411,211.7095,105,10822,1077,1532,1217,1410,1351,1278,1143,866,704,244,94
591,4468087,0.0135,75417,Panama,PAN,PA,591,North America,"Central America, Latin America",74180,60.233,156.0036,128,10511,601,1059,897,889,1029,1052,1095,1234,1281,1374,95
414,4310108,0.00966,17818,Kuwait,KWT,KW,414,Asia,"Western Asia, The Middle East",17820,241.8691,626.4411,129,10488,768,1201,1090,1177,1186,1055,1057,937,1044,973,96
348,10156239,0.01896,93028,Hungary,HUN,HU,348,Europe,Eastern Europe,91260,111.2891,288.2386,94,10009,761,1070,917,972,1048,1095,996,1052,1054,1044,97
807,2085679,-0.00378,25713,North Macedonia,MKD,MK,807,Europe,Southern Europe,25220,82.6994,214.1915,150,9939,590,1079,1082,1027,1262,1060,960,895,906,1078,98
752,10612086,0.00595,450295,Sweden,SWE,SE,752,Europe,Northern Europe,407283.5,26.0558,67.4844,87,9909,835,1018,889,950,1144,1066,954,1106,968,979,99
646,14094683,0.02308,26338,Rwanda,RWA,RW,646,Africa,"Eastern Africa, Sub-Saharan Africa",24670,571.3289,1479.7417,76,9903,1084,1509,1620,1394,1357,732,555,540,592,520,100
620,10247605,-0.00227,92090,Portugal,PRT,PT,620,Europe,Southern Europe,91605.6,111.8666,289.7344,93,8752,679,940,889,939,1006,857,892,918,811,821,101
418,7633779,0.01385,236800,Laos,LAO,LA,418,Asia,South-Eastern Asia,230800,33.0753,85.665,103,8291,486,850,863,685,856,917,806,923,949,956,102
716,16665409,0.02113,390757,Zimbabwe,ZWE,ZW,716,Africa,"Eastern Africa, Sub-Saharan Africa",386850,43.0798,111.5766,74,8236,674,758,749,810,815,779,797,924,914,1016,103
31,10412651,0.00527,86600,Azerbaijan,AZE,AZ,31,Asia,Western Asia,82646,125.991,326.3167,90,8039,814,1169,1015,881,784,676,672,637,663,728,104
242,936375,0.00711,18272,Fiji,FJI,FJ,242,Oceania,Melanesia,18270,51.2521,132.7428,162,8026,425,734,730,805,866,875,802,895,853,1041,105
554,5228100,0.00826,270467,New Zealand,NZL,NZ,554,Oceania,Australia and New Zealand,263310,19.8553,51.4252,123,8003,607,844,719,798,846,855,796,921,814,803,106
702,6014723,0.00653,710,Singapore,SGP,SG,702,Asia,South-Eastern Asia,718,8377.0515,21696.5635,114,7853,807,818,801,818,812,781,779,835,712,690,107
84,410825,0.0137,22966,Belize,BLZ,BZ,84,North America,"Central America, Latin America",22810,18.0107,46.6478,177,7769,475,806,632,746,851,772,789,946,847,905,108
662,180251,0.00219,616,Saint Lucia,LCA,LC,662,North America,Caribbean,610,295.4934,765.328,190,7579,463,726,696,777,777,739,844,853,919,785,109
178,6106869,0.02285,342000,Republic of the Congo,COG,CG,178,Africa,"Middle Africa, Sub-Saharan Africa",341500,17.8825,46.3156,113,7560,308,476,580,632,625,496,552,1059,1461,1371,110
70,3210847,-0.00701,51209,Bosnia and Herzegovina,BIH,BA,70,Europe,Southern Europe,51200,62.7119,162.4237,137,7555,477,637,682,846,971,859,693,697,815,878,111
440,2718352,-0.01153,65300,Lithuania,LTU,LT,440,Europe,Northern Europe,62620,43.4103,112.4326,142,7474,475,750,658,645,735,750,747,854,924,936,112
417,6735347,0.01579,199951,Kyrgyzstan,KGZ,KG,417,Asia,"Central Asia, South Central Asia",191800,35.1165,90.9518,109,7284,594,881,908,715,847,790,707,652,648,542,113
44,412623,0.00644,13943,Bahamas,BHS,BS,44,North America,Caribbean,10010,41.2211,106.7626,176,6972,614,922,759,725,656,725,654,630,619,668,114
496,3447157,0.01436,1564110,Mongolia,MNG,MN,496,Asia,Eastern Asia,1557506.8,2.2133,5.7323,133,6844,543,765,636,661,750,644,651,729,691,774,115
756,8796669,0.00643,41284,Switzerland,CHE,CH,756,Europe,Western Europe,39516,222.6103,576.5607,101,6308,592,595,570,565,743,640,656,697,635,615,116
56,11686140,0.00259,30528,Belgium,BEL,BE,56,Europe,Western Europe,30280,385.9359,999.5741,82,6306,629,714,537,625,691,662,632,675,574,567,117
762,10143543,0.01917,143100,Tajikistan,TJK,TJ,762,Asia,"Central Asia, South Central Asia",138790,73.0855,189.2916,95,6273,523,1158,893,652,593,595,516,550,411,382,118
108,13238559,0.02708,27834,Burundi,BDI,BI,108,Africa,"Eastern Africa, Sub-Saharan Africa",25680,515.5202,1335.1973,78,6163,1099,781,762,1094,415,351,273,260,535,593,119
466,23293698,0.03099,1240192,Mali,MLI,ML,466,Africa,"Western Africa, Sub-Saharan Africa",1220190,19.0902,49.4437,58,5826,389,586,488,544,598,587,604,667,734,629,120
308,126183,0.00594,344,Grenada,GRD,GD,308,North America,Caribbean,340,371.1265,961.2176,193,5586,307,554,501,544,585,525,633,687,671,579,121
854,23251485,0.02548,272967,Burkina Faso,BFA,BF,854,Africa,"Western Africa, Sub-Saharan Africa",273600,84.9835,220.1073,59,5553,465,646,525,541,642,575,583,585,558,433,122
434,6888388,0.01116,1759540,Libya,LBY,LY,434,Africa,Northern Africa,1759540,3.9149,10.1395,107,5252,514,511,499,780,642,734,524,376,315,357,123
894,20569737,0.02758,752612,Zambia,ZMB,ZM,894,Africa,"Eastern Africa, Sub-Saharan Africa",743390,27.6702,71.6658,63,5114,401,511,477,537,487,460,441,505,643,652,124
204,13712828,0.02696,112622,Benin,BEN,BJ,204,Africa,"Western Africa, Sub-Saharan Africa",112760,121.6107,314.9718,77,5069,450,619,573,648,577,466,517,342,415,462,125
788,12458223,0.00826,163610,Tunisia,TUN,TN,788,Africa,Northern Africa,155360,80.1894,207.6905,79,4797,463,510,517,535,518,518,429,445,422,440,126
208,5910913,0.00487,43094,Denmark,DNK,DK,208,Europe,Northern Europe,40000,147.7728,382.7316,115,4703,405,416,353,461,521,609,514,506,459,459,127
703,5795199,0.02689,49037,Slovakia,SVK,SK,703,Europe,Eastern Europe,49035,118.1849,306.099,116,4519,343,422,370,388,483,424,460,507,528,594,128
40,8958960,0.00216,83871,Austria,AUT,AT,40,Europe,Western Europe,82520,108.5671,281.1889,100,4126,311,437,401,387,432,474,438,415,407,424,129
600,6861524,0.01191,406752,Paraguay,PRY,PY,600,South America,"South America, Latin America",397300,17.2704,44.7303,108,4110,256,452,389,391,434,382,391,448,467,500,130
670,103698,-0.00241,389,Saint Vincent and the Grenadines,VCT,VC,670,North America,Caribbean,390,265.8923,688.6611,199,4078,196,403,333,361,422,415,448,529,503,468,131
246,5545475,0.00085,338424,Finland,FIN,FI,246,Europe,Northern Europe,303940,18.2453,47.2553,118,3983,317,497,442,439,489,407,350,331,348,363,132
428,1830211,-0.01105,64559,Latvia,LVA,LV,428,Europe,Northern Europe,62230,29.4104,76.173,151,3799,224,319,356,359,391,480,384,424,436,426,133
52,281995,0.00128,430,Barbados,BRB,BB,52,North America,Caribbean,430,655.8023,1698.528,186,3729,226,338,318,373,371,376,384,428,460,455,134
191,4008617,-0.00539,56594,Croatia,HRV,HR,191,Europe,Southern Europe,55960,71.6336,185.5311,130,3333,241,360,286,375,388,348,297,353,336,349,135
212,73040,0.00417,751,Dominica,DMA,DM,212,North America,Caribbean,750,97.3867,252.2315,204,3328,287,511,492,510,298,229,345,244,125,287,136
840,339996563,0.00505,9372610,United States,USA,US,840,North America,Northern America,9147420,37.1686,96.2666,3,3227,187,262,306,409,468,370,358,319,279,269,137
28,94298,0.00571,442,Antigua and Barbuda,ATG,AG,28,North America,Caribbean,440,214.3136,555.0723,201,3192,190,323,325,322,324,290,369,344,337,368,138
578,5474360,0.00737,323802,Norway,NOR,NO,578,Europe,Northern Europe,364285,15.0277,38.9217,119,3044,248,329,284,290,362,310,271,335,276,339,139
499,626485,-0.00095,13812,Montenegro,MNE,ME,499,Europe,Southern Europe,13450,46.5788,120.6391,169,2962,303,376,299,323,387,251,289,265,265,204,140
478,4862989,0.02678,1030700,Mauritania,MRT,MR,478,Africa,"Western Africa, Sub-Saharan Africa",1030700,4.7181,12.22,126,2955,134,230,212,287,317,298,320,354,410,393,141
776,107773,0.00856,747,Tonga,TON,TO,776,Oceania,Polynesia,720,149.6847,387.6834,196,2907,202,256,225,262,283,327,320,348,276,408,142
795,6516100,0.01327,488100,Turkmenistan,TKM,TM,795,Asia,"Central Asia, South Central Asia",469930,13.8661,35.9132,111,2525,250,330,286,251,235,226,254,210,223,260,143
659,47755,0.00206,261,Saint Kitts and Nevis,KNA,KN,659,North America,Caribbean,260,183.6731,475.7133,211,2487,106,238,250,238,250,222,263,259,311,350,144
634,2716391,0.00789,11586,Qatar,QAT,QA,634,Asia,"Western Asia, The Middle East",11490,236.4135,612.3109,143,2190,215,287,236,224,272,229,202,191,141,193,145
882,225681,0.01484,2842,Samoa,WSM,WS,882,Oceania,Polynesia,2780,81.1802,210.2568,188,2129,154,195,179,194,219,207,239,237,238,267,146
140,5742315,0.02925,622984,Central African Republic,CAF,CF,140,Africa,"Middle Africa, Sub-Saharan Africa",622980,9.2175,23.8733,117,1915,148,231,304,178,202,234,155,213,116,134,147
454,20931751,0.0258,118484,Malawi,MWI,MW,454,Africa,"Eastern Africa, Sub-Saharan Africa",94280,222.0169,575.0237,62,1906,197,213,257,228,205,160,172,159,192,123,148
233,1322765,-0.00249,45227,Estonia,EST,EE,233,Europe,Northern Europe,42750,30.9419,80.1394,156,1895,126,193,151,176,211,189,220,211,227,191,149
262,1136455,0.01392,23200,Djibouti,DJI,DJ,262,Africa,"Eastern Africa, Sub-Saharan Africa",23180,49.0274,126.981,160,1831,84,151,281,222,281,370,190,90,106,56,150
24,36684202,0.03077,1246700,Angola,AGO,AO,24,Africa,"Middle Africa, Sub-Saharan Africa",1246700,29.425,76.2109,42,1770,181,226,176,209,198,154,148,143,187,148,151
148,18278568,0.03133,1284000,Chad,TCD,TD,148,Africa,"Middle Africa, Sub-Saharan Africa",1259200,14.516,37.5965,67,1658,111,224,251,205,136,175,119,111,155,171,152
740,623236,0.00841,163820,Suriname,SUR,SR,740,South America,"South America, Latin America",156000,3.9951,10.3473,170,1616,117,172,182,136,156,134,158,178,187,196,153
266,2436566,0.01991,267668,Gabon,GAB,GA,266,Africa,"Middle Africa, Sub-Saharan Africa",257670,9.4561,24.4914,146,1502,86,148,112,150,165,146,167,127,197,204,154
48,1485509,0.00902,765,Bahrain,BHR,BH,48,Asia,"Western Asia, The Middle East",785,1892.3682,4901.2335,154,1326,127,183,143,130,138,145,122,115,104,119,155
196,1260138,0.00691,9251,Cyprus,CYP,CY,196,Europe,"Eastern Europe, The Middle East",9240,136.3786,353.2205,158,1160,105,111,120,117,131,113,129,126,107,101,156
203,10495295,0.00013,78865,Czech Republic,CZE,CZ,203,Europe,Eastern Europe,77198.5,135.9521,352.1158,89,1065,69,0,51,52,62,58,74,74,159,466,157
728,11088796,0.01609,619745,South Sudan,SSD,SS,728,Africa,"Middle Africa, Sub-Saharan Africa",631930,17.5475,45.448,86,1054,117,191,185,160,124,127,74,59,17,0,158
446,704149,0.01292,32.9,Macau,MAC,MO,446,Asia,Eastern Asia,32.9,21402.7052,55433.0064,167,1032,64,99,91,109,109,99,105,106,120,130,159
512,4644384,0.01488,309500,Oman,OMN,OM,512,Asia,"Western Asia, The Middle East",309500,15.0061,38.8658,127,978,118,148,110,104,116,85,90,73,74,60,160
562,27202843,0.03796,1267000,Niger,NER,NE,562,Africa,"Western Africa, Sub-Saharan Africa",1266700,21.4754,55.6212,54,975,139,201,93,116,119,55,71,37,48,96,161
352,375318,0.00649,103000,Iceland,ISL,IS,352,Europe,Northern Europe,100830,3.7223,9.6407,179,945,81,70,89,86,97,104,86,139,103,90,162
705,2119675,-8E-05,20273,Slovenia,SVN,SI,705,Europe,Southern Europe,20136.4,105.2658,272.6385,149,919,76,119,95,108,119,107,78,62,86,69,163
480,1300557,0.00084,2040,Mauritius,MUS,MU,480,Africa,"Eastern Africa, Sub-Saharan Africa",2030,640.6685,1659.3313,157,874,68,95,67,96,110,96,81,83,77,101,164
60,64069,-0.00179,54,Bermuda,BMU,BM,60,North America,Northern America,54,1186.463,3072.9391,206,845,67,84,65,68,99,112,106,88,85,71,165
508,33897354,0.02814,801590,Mozambique,MOZ,MZ,508,Africa,"Eastern Africa, Sub-Saharan Africa",786380,43.1056,111.6434,48,839,60,77,100,96,101,107,71,73,94,60,166
450,30325732,0.02411,587041,Madagascar,MDG,MG,450,Africa,"Eastern Africa, Sub-Saharan Africa",581800,52.124,135.0011,50,801,84,75,79,60,88,72,86,95,79,83,167
516,2604172,0.01448,825615,Namibia,NAM,NA,516,Africa,"Southern Africa, Sub-Saharan Africa",823290,3.1631,8.1925,145,769,90,98,75,130,87,86,44,57,59,43,168
72,2675352,0.01713,582000,Botswana,BWA,BW,72,Africa,"Southern Africa, Sub-Saharan Africa",566730,4.7207,12.2266,144,694,43,61,72,112,78,61,58,53,80,76,169
470,535064,0.00333,316,Malta,MLT,MT,470,Europe,Southern Europe,320,1672.075,4330.6743,173,542,44,47,58,75,65,58,39,43,62,51,170
408,26160821,0.00351,120538,North Korea,PRK,KP,408,Asia,Eastern Asia,120410,217.2645,562.7151,56,507,28,29,41,32,47,55,142,48,49,36,171
136,69310,0.00879,264,Cayman Islands,CYM,KY,136,North America,Caribbean,240,288.7917,747.9704,205,502,50,53,47,67,55,53,48,44,44,41,172
533,106277,-0.00158,180,Aruba,ABW,AW,533,North America,Caribbean,180,590.4278,1529.2079,198,405,22,52,45,47,23,38,40,45,54,39,173
92,31538,0.00744,151,British Virgin Islands,VGB,VG,92,North America,Caribbean,150,210.2533,544.5561,221,404,29,58,37,25,40,38,56,45,39,37,174
796,46062,0.00786,948,Turks and Caicos Islands,TCA,TC,796,North America,Caribbean,948,48.5886,125.8445,212,395,33,56,41,35,39,38,40,50,30,33,175
624,2150842,0.0215,36125,Guinea-Bissau,GNB,GW,624,Africa,"Western Africa, Sub-Saharan Africa",28120,76.488,198.1039,148,378,27,51,27,48,37,39,30,43,47,29,176
584,41996,0.01027,181,Marshall Islands,MHL,MH,584,Oceania,Micronesia,180,233.3111,604.2758,215,334,12,22,23,23,32,32,56,46,50,38,177
442,654768,0.01107,2586,Luxembourg,LUX,LU,442,Europe,Western Europe,2574.5,254.3282,658.7101,168,295,20,42,30,33,34,27,26,40,19,24,178
531,192077,0.00478,444,Curacao,CUW,CW,531,North America,Caribbean,444,432.6059,1120.4492,189,258,31,53,56,34,35,22,27,0,0,0,179
534,44222,0.00106,34,Sint Maarten,SXM,SX,534,North America,Caribbean,34,1300.6471,3368.6759,213,252,21,37,27,35,42,45,45,0,0,0,180
96,452524,0.00784,5765,Brunei,BRN,BN,96,Asia,South-Eastern Asia,5270,85.8679,222.3979,175,229,11,23,29,24,31,21,25,21,19,25,181
748,1210822,0.00762,17364,Eswatini,SWZ,SZ,748,Africa,"Southern Africa, Sub-Saharan Africa",17200,70.3966,182.3273,159,214,25,32,18,19,20,19,23,15,24,19,182
598,10329931,0.01847,462840,Papua New Guinea,PNG,PG,598,Oceania,Melanesia,452860,22.8104,59.079,92,208,19,24,27,18,23,11,18,27,21,20,183
226,1714671,0.02374,28051,Equatorial Guinea,GNQ,GQ,226,Africa,"Middle Africa, Sub-Saharan Africa",28050,61.1291,158.3243,152,203,27,30,17,20,18,25,15,18,20,13,184
660,15899,0.00265,91,Anguilla,AIA,AI,660,North America,Caribbean,91,174.7143,452.51,224,203,11,14,23,23,20,22,20,22,23,25,185
500,4386,-0.00091,102,Montserrat,MSR,MS,500,North America,Caribbean,102,43,111.37,230,191,12,24,20,12,14,14,38,0,27,30,186
426,2330318,0.01062,30355,Lesotho,LSO,LS,426,Africa,"Southern Africa, Sub-Saharan Africa",30360,76.7562,198.7985,147,189,14,22,12,24,19,23,13,20,17,25,187
258,308872,0.00847,4167,French Polynesia,PYF,PF,258,Oceania,Polynesia,3471,88.9865,230.4749,184,186,15,25,10,20,27,14,24,0,30,21,188
585,18058,0.00017,459,Palau,PLW,PW,585,Oceania,Micronesia,460,39.2565,101.6744,222,116,8,14,7,13,14,15,12,16,10,7,189
583,115224,0.00929,702,Micronesia,FSM,FM,583,Oceania,Micronesia,700,164.6057,426.3288,194,109,15,21,19,6,11,6,5,4,13,9,190
492,36297,-0.00472,2.02,Monaco,MCO,MC,492,Europe,Western Europe,2,18148.5,47004.615,217,90,8,7,13,14,11,10,8,8,5,6,191
690,107660,0.00506,452,Seychelles,SYC,SC,690,Africa,"Eastern Africa, Sub-Saharan Africa",460,234.0435,606.1726,197,88,4,6,6,10,16,11,7,6,7,15,192
678,231856,0.01969,964,Sao Tome and Principe,STP,ST,678,Africa,"Middle Africa, Sub-Saharan Africa",960,241.5167,625.5282,187,85,4,12,9,10,12,6,5,6,12,9,193
174,852075,0.01829,1862,Comoros,COM,KM,174,Africa,"Eastern Africa, Sub-Saharan Africa",1861,457.8587,1185.854,163,65,4,10,8,4,4,5,9,3,10,8,194
462,521021,-0.00528,300,Maldives,MDV,MV,462,Asia,"Southern Asia, South Central Asia",300,1736.7367,4498.148,174,64,4,8,4,5,11,8,13,5,3,3,195